LINK,label,OFFICE,SOLNBR,CLASSCOD,DESC,ARCHDATE,CONTACT,AGENCY,RESPDATE,LOCATION,URL,SETASIDE,POPCOUNTRY,POPZIP,ZIP,DATE,iname,YEAR,SUBJECT,EMAIL,OFFADD,NAICS
null,SRCSGT,Naval Sea Systems Command,N0002417R2232,19,Link To Document,12082017,"James Montgomery, Contract Specialist, Phone 2027810635, Email james.m.montgomery@navy.mil - Ryan M. Ksanznak, Contracting Officer, Email ryan.ksanznak1@navy.mil",Department of the Navy,090817,NAVSEA HQ,https://www.fbo.gov/spg/DON/NAVSEA/NAVSEAHQ/N0002417R2232/listing.html,,,,20376,0825,b56e6549-8a8f-11e7-89d1-1cc1de329608,17,Request for Information from potential sources for a 9-meter Rigid Inflatable Boat (RIB) and 9-meter Explosive Ordinance Disposal (EOD) RIB,,SEA 02r1333 Isaac Hull Avenue SE Washington Navy Yard DC 20376,336612
null,SRCSGT,DLA Acquisition Locations,SPE4A617R0868,62,Link To Document,,"Cheryl C. Carter, Aquisition Specialist, Phone 8042791228, Email cheryl.carter@dla.mil - Tracey Holt, Acquisition Specialist, Phone 8042796616, Email Tracey.Holt@dla.mil",Defense Logistics Agency,090117,DLA Aviation - BSM,https://www.fbo.gov/spg/DLA/J3/DSCR-BSM/SPE4A617R0868/listing.html,,,,23297-5000,0825,b56e650d-8a8f-11e7-89d1-1cc1de329608,17,"Light, Indicator",,8000 Jefferson Davis Highway Richmond VA 23297-5000,336320
null,SRCSGT,Naval Supply Systems Command,N0038317R004C,15,Link To Document,09162017,Megan KellyMegan.E.Kelly@navy.mil215-697-2533,Department of the Navy,090117,NAVSUP Weapon Systems Support Philadelphia PA,https://www.fbo.gov/spg/DON/NAVSUP/N00383/N0038317R004C/listing.html,N/A,US,52948,19111,0825,b56e654d-8a8f-11e7-89d1-1cc1de329608,17,15--NAVSUP WSS is interested in developing sources for a 4 yr PBL contract in support of HUD Display for F18 A-G aircraft as well as several common components.  Parts listing in attachment,,"N00383 NAVSUP Weapon Systems Support Philadelphia PA NAVSUP  700 Robins Avenue  Philadelphia, PA",336413
null,SRCSGT,Army Contracting Command,W91CRB15C0023,D,Link To Document,,"Sabrinna R. Cosom, Ms., Email sabrinna.r.cosom.civ@mail.mil",Department of the Army,082917,ACC - APG (W91CRB ) Division D,https://www.fbo.gov/notices/4ab625e0ce82115207291c43fc35f4ed,,,,21005-5001,0825,b56e64f7-8a8f-11e7-89d1-1cc1de329608,17,Army Enterprise Equipment System (AE2S),,4310 Boothby Hill Rd ABERDEEN PROV GND  MD 21005-5001,541511
null,SRCSGT,Naval Supply Systems Command,N0038317RP600,81,charlene.disarlo@navy.mil,09012017,Charlene DiSarlocharlene.disarlo@navy.mil215-697-5242charlene.disarlo@navy.mil,Department of the Navy,090117,NAVSUP Weapon Systems Support Philadelphia PA,https://www.fbo.gov/spg/DON/NAVSUP/N00383/N0038317RP600/listing.html,,,,19111,0825,b56e654e-8a8f-11e7-89d1-1cc1de329608,17,81--Storage Container Repair Requirement,charlene.disarlo@navy.mil,"N00383 NAVSUP Weapon Systems Support Philadelphia PA NAVSUP  700 Robins Avenue  Philadelphia, PA",334514
null,SRCSGT,Goddard Space Flight Center,PENCIL-BEAM-VACUUM-CHAMBER,66,Link To Document,,"Odessia Becks, Contract Specialist, Email Odessia.H.Becks@nasa.gov - Lakeshia Robinson, Contracting Officer, Email Lakeshia.M.Robinson@nasa.gov",National Aeronautics and Space Administration,091517,Code 210.S,https://www.fbo.gov/notices/e0099bdc07490782818508bc38c31de6,N/A,US,20771,20771,0825,b56e6528-8a8f-11e7-89d1-1cc1de329608,17,"PENCIL BEAM VACUUM CHAMBER, MANUFACTURE, AND DELIVERY",,"NASA/Goddard Space Flight Center, Code 210.S Greenbelt MD 20771",334519
null,SRCSGT,Long Beach VANLO,VA26217N1862,73,marie.irvin@va.gov,09192017,Marie Irvinmarie.irvin@va.govmarie.irvin@va.gov,Department of Veterans Affairs,083017,Department of Veterans Affairs,https://www.fbo.gov/spg/VA/LBVANBC/VAMD/VA26217N1862/listing.html,N/A,,,90815,0825,b56e652f-8a8f-11e7-89d1-1cc1de329608,17,73--Steam Kettle    ,marie.irvin@va.gov,Department of Veterans Affairs;Network Contracting Office 22;4811 Airport Plaza Drive;Suite 600;Long Beach CA  90815,325998
null,SRCSGT,"Army Contracting Command, ECC",W91WFU-17-T-0021,R,Link To Document,,"Olivia F. Epps, Phone 497117292939, Email olivia.f.epps.civ@mail.mil",Department of the Army,083117,409th CSB (W91WFU) RCO Stuttgart,https://www.fbo.gov/notices/92ba1e68d445ccac7918da65d190eb65,N/A,DE,,09107,0825,b56e6502-8a8f-11e7-89d1-1cc1de329608,17,Religious Support Office Coordinator Services,,null,541611
null,SRCSGT,U.S. Army Corps of Engineers,W912HQ-17-SN-0023,70,Link To Document,,"Sarah R. Lugo, Phone 7034287407, Email sarah.r.lugo@usace.army.mil",Department of the Army,090117,"USACE HEC, Ft. Belvoir",https://www.fbo.gov/spg/USA/COE/DACA72/W912HQ-17-SN-0023/listing.html,,,,22315-3860,0825,b56e655b-8a8f-11e7-89d1-1cc1de329608,17,LawManager Software Licensing,,Attn:  CEHEC-CTr7701 Telegraph Road Alexandria VA 22315-3860,511210
null,SRCSGT,VA Technology Acquisition Center,VA11817Q2518,D,Michael.Frank@va.gov,11302017,Michael FrankContract Specialist732 440-9701Michael.Frank@va.gov,Department of Veterans Affairs,090117,VA Technology Acquisition Center,https://www.fbo.gov/notices/523d258d01583772585e3a30571e086c,,,,07724,0825,b56e656d-8a8f-11e7-89d1-1cc1de329608,17,D--North Atlantic District 1 (NA D1) Telephone Procurement Business Office (TPBO)   ,Michael.Frank@va.gov,Department of Veterans Affairs;Technology Acquisition Center;23 Christopher Way;Eatontown NJ  07724,517110
null,SRCSGT,VA Strategic Acquisition Center (Frederick),VA119A17N0411,R,Melissa.Maloy@va.gov,01302018,Melissa.Maloy@va.govMelissa.Maloy@va.gov,Department of Veterans Affairs,120117,VA Strategic Acquisition Center (Frederick),https://www.fbo.gov/spg/VA/AFMLOVASS/VASSMD/VA119A17N0411/listing.html,,,,21703,0825,b56e656b-8a8f-11e7-89d1-1cc1de329608,17,R--Artificial Intelligence (AI) for OEI    ,Melissa.Maloy@va.gov,"Strategic Acquisition Center - Frederick;Department of Veterans Affairs;321 Ballenger Center Drive, Suite 125;Frederick MD  21703",541611
null,SRCSGT,National Oceanic and Atmospheric Administration (NOAA),PIFSC-17-SS06,R,Link To Document,,"STEPHANIE M. GARNETT, Phone (808) 725-5356, Fax (808) 725-5474, Email STEPHANIE.M.GARNETT@NOAA.GOV",Department of Commerce,083117,National Marine Fisheries Service,https://www.fbo.gov/spg/DOC/NOAA/NMFSJJ/PIFSC-17-SS06/listing.html,N/A,US,,20910,0825,b56e6547-8a8f-11e7-89d1-1cc1de329608,17,"Small Scale Fisheries (SSF) technology testing for in Baja California, Mexico",,SSMC 3r1315 East West Highway Silver Spring MD 20910,541990
null,SRCSGT,Army Contracting Command,W9098S-17-T-MITS,28,Link To Document,,"Samantha M. Keegan, Contract Specialist, Phone 309-782-2192, Email samantha.m.keegan.civ@mail.mil",Department of the Army,083117,ACC - RI (W9098S) (JMTC-RIA),https://www.fbo.gov/notices/4ca8881f89e09ce6e121cd22954465be,N/A,US,61299,61299-5000,0825,b56e64fc-8a8f-11e7-89d1-1cc1de329608,17,Mitsubishi Servo Motor,,BLDG 211 RODMAN AVENUE Rock Island IL 61299-5000,423610
null,SRCSGT,National Institutes of Health,HHS-NIH-NIDA-SSSA-SBSS-2017-769,R,Link To Document,,"Zenab Chowdhry , Phone 301 827 6909, Email zenab.chowdhry@nih.gov",Department of Health and Human Services,083017,"National Institute on Drug Abuse, Station Support/Simplified Acquisitions",https://www.fbo.gov/spg/HHS/NIH/NIDA-2/HHS-NIH-NIDA-SSSA-SBSS-2017-769/listing.html,,,,20892,0825,b56e6542-8a8f-11e7-89d1-1cc1de329608,17,Scientific Support Services for Conversion of Fibroblasts to Induced Pluripotent Stem Cells,,6001 Executive BoulevardrRoom 3165 Bethesda MD 20892,541990
null,SRCSGT,VA Great Lakes Healthcare System,VA69D17N1617,65,omar.cante@va.gov,11272017,Omar Alejandro Canteomar.cante@va.govomar.cante@va.gov,Department of Veterans Affairs,082917,Department of Veterans Affairs Great Lakes Healthcare System,https://www.fbo.gov/spg/VA/VAGLHS/VAGLHCS/VA69D17N1617/listing.html,N/A,,,53214-1476,0825,b56e6563-8a8f-11e7-89d1-1cc1de329608,17,65--695-17-3-339-0012 Synthes Instruments - Sources Sought    ,omar.cante@va.gov,"Department of Veterans Affairs;Great Lakes Acquisition Center (GLAC);115 S 84th Street, Suite 101; WI  53214-1476",339112
null,SRCSGT,Public Buildings Service (PBS),PEMISCOT_MO2017,X,Link To Document,,"Damon Moody, Transaction Manager, Phone 813-605-5906, Email dnmoody@amerivetres.com - Robert Moody, President, Phone 8136055903, Email rlmoody@amerivetres.com",General Services Administration,083117,PBS Center for Broker Services (47PA05),https://www.fbo.gov/notices/d7d91107a08cbf78511025fb97c44b25,N/A,US,,N/A,0825,b56e6556-8a8f-11e7-89d1-1cc1de329608,17,"United States Department of Agriculture (USDA) seeks to lease the following space in Caruthersville (Pemiscot County), MO:",,null,531120
null,SRCSGT,VA Black Hills Health Care System,VA26317N1089,H,Stephen.Holly@va.gov,10052017,Stephen HollyStephen.Holly@va.gov,Department of Veterans Affairs,090517,Department of Veterans Affairs Black Hills Health Care System,https://www.fbo.gov/spg/VA/VABHHCS568/VABHHCS568/VA26317N1089/listing.html,N/A,USA,57741,57741,0825,b56e655f-8a8f-11e7-89d1-1cc1de329608,17,"H--VA263-17-N-1089 - ENVIRONMENTAL AIR, SURFACE AND EMPLOYEE SAMPLE TESTING, USP 797 STANDARDS VA Black Hills Health Care Syste , SD  ",stephen.holly@va.gov,Department of Veterans Affairs;Network 23 Contracting Office (NCO 23);113 Comanche Rd.;Fort Meade SD  57741,621511
null,SRCSGT,Air Force Materiel Command,FD2030-18-00500,16,Link To Document,08252018,"Christopher Cook, Phone 4057394478, Email christopher.cook.62@us.af.mil",Department of the Air Force,090117,PK/PZ Tinker AFB,https://www.fbo.gov/spg/USAF/AFMC/OCALCCC/FD2030-18-00500/listing.html,,,,73145-3015,0825,b56e64f2-8a8f-11e7-89d1-1cc1de329608,17,Sources Sought (Market Research),,"3001 Staff Drive, Ste 1AG76A Tinker AFB OK 73145-3015",336412
null,SRCSGT,DLA Acquisition Locations,SPE4A617R0875,61,Link To Document,,"Cheryl C. Carter, Aquisition Speciaist, Phone 8042791228, Email cheryl.carter@dla.mil - Tracey Holt, Acquisition Specialist, Phone 8042796616, Email Tracey.Holt@dla.mil",Defense Logistics Agency,090117,DLA Aviation - BSM,https://www.fbo.gov/spg/DLA/J3/DSCR-BSM/SPE4A617R0875/listing.html,,,,23297-5000,0825,b56e6514-8a8f-11e7-89d1-1cc1de329608,17,"Cable Assembly, Power, Electrical",,8000 Jefferson Davis Highway Richmond VA 23297-5000,335311
null,SRCSGT,Army Contracting Command,W52P1J-17-S-1122,13,Link To Document,,"Katie M Young, Contract Specialist, Phone 3097826018, Email katie.m.young9.civ@mail.mil - Donna S. Ponce, Contracting Officer, Phone 3097824535, Email donna.s.ponce.civ@mail.mil",Department of the Army,090917,ACC - RI (W52P1J),https://www.fbo.gov/notices/43010010406af7e343a81e8bb7298d87,,,,61299-8000,0825,b56e64f8-8a8f-11e7-89d1-1cc1de329608,17,"M1122A1 Load, Assemble, Pack (LAP)",,3055 Rodman Avenue Rock Island IL 61299-8000,332993
null,SRCSGT,Air Force Materiel Command,FA8601-17-T-0244,66,Link To Document,,"Kyle Hartlage, Phone 9375224527, Email kyle.hartlage@us.af.mil",Department of the Air Force,090117,"AFLCMC/PK - WPAFB (includes  PZ, WL, WW, WI, WN, WK, LP, WF, WK)",https://www.fbo.gov/spg/USAF/AFMC/ASC/FA8601-17-T-0244/listing.html,N/A,US,45433,45433-7218,0825,b56e64ea-8a8f-11e7-89d1-1cc1de329608,17,RESONANT RING WAVEGUIDE COMPONENTS ,,2275 D Street Wright-Patterson AFB OH 45433-7218,334516
null,SRCSGT,Pacific Air Forces,F1C0SS7226A001,17,Link To Document,,"Cymoril B. ONeill, Phone 6713661718, Email cymoril.oneill@us.af.mil - Niki Brown, Contracting Officer, Phone 6713661718, Email niki.brown@us.af.mil",Department of the Air Force,090517,36 CONS - Andersen,https://www.fbo.gov/spg/USAF/PAF/36CONS/F1C0SS7226A001/listing.html,N/A,US,96929,96543-4040,0825,b56e6554-8a8f-11e7-89d1-1cc1de329608,17,Wing Jack Trailer,,Unit 14040 Andersen AFB GU 96543-4040,336212
null,SRCSGT,Drug Enforcement Administration,DJD-17-Q-0162,66,Link To Document,09302017,"James A. Helm, Contract Specialist, Phone 2023074054, Email james.helm@usdoj.gov",Department of Justice,092517,Office of Acquisition Management,https://www.fbo.gov/spg/DOJ/DEA/OAM/DJD-17-Q-0162/listing.html,N/A,US,,20537,0825,b56e6525-8a8f-11e7-89d1-1cc1de329608,17,Ultra high performance/pressure spectrometer system,,None Washington DC 20537,334516
null,SRCSGT,National Institutes of Health,HHS-NIH-NIDA-SSSA-SS-17-624,66,Link To Document,,"Danielle R. Brown, Phone 301 480 2385, Email danielle.brown2@nih.gov",Department of Health and Human Services,083017,National Institute on Drug Abuse,https://www.fbo.gov/spg/HHS/NIH/NIDA-01/HHS-NIH-NIDA-SSSA-SS-17-624/listing.html,N/A,US,21224,20892-9559,0825,b56e653a-8a8f-11e7-89d1-1cc1de329608,17,Procurement of Multimode Plate Reader,,"6001 Executive BoulevardrRoom 4211, MSC 9559 Bethesda MD 20892-9559",334516
null,SRCSGT,National Institutes of Health,HHS-NIH-NIDA-SSSA-SS-2017-742,66,Link To Document,,"Jermaine Duncan, Phone 3018277515, Email jermaine.duncan@nih.gov",Department of Health and Human Services,090717,National Institute on Drug Abuse,https://www.fbo.gov/spg/HHS/NIH/NIDA-01/HHS-NIH-NIDA-SSSA-SS-2017-742/listing.html,,,,20892-9559,0825,b56e653f-8a8f-11e7-89d1-1cc1de329608,17,Airyscan Upgrade for LSM 710,,"6001 Executive BoulevardrRoom 4211, MSC 9559 Bethesda MD 20892-9559",334516
null,SRCSGT,National Guard Bureau,W912JA-17-T-0095,23,Link To Document,,"Wesley Alan Ward, Phone 3345234056, Email wesley.a.ward8.mil@mail.mil",Department of the Army,083117,USPFO for Alabama,https://www.fbo.gov/spg/USA/NGB/DAHA01/W912JA-17-T-0095/listing.html,Total Small Business,US,36205,36109-0715,0825,b56e6534-8a8f-11e7-89d1-1cc1de329608,17,UTILITY TRANSPORT VEHICLE,,PO Box 3715 Montgomery AL 36109-0715,336112
null,SRCSGT,National Oceanic and Atmospheric Administration (NOAA),PIFSC-17-SS07,R,Link To Document,,"STEPHANIE M. GARNETT, Phone (808) 725-5356, Fax (808) 725-5474, Email STEPHANIE.M.GARNETT@NOAA.GOV",Department of Commerce,083117,National Marine Fisheries Service,https://www.fbo.gov/spg/DOC/NOAA/NMFSJJ/PIFSC-17-SS07/listing.html,,,,20910,0825,b56e6548-8a8f-11e7-89d1-1cc1de329608,17,Leatherback Sea Turtle Bycatch Assessment in East Pacific Ocean,,SSMC 3r1315 East West Highway Silver Spring MD 20910,541990
null,SRCSGT,DLA Acquisition Locations,SPE4A6-17-X-1287,63,Link To Document,,"Benjamin B. Demeter, Phone 8042793684, Email benjamin.demeter@dla.mil",Defense Logistics Agency,083017,DLA Aviation,https://www.fbo.gov/spg/DLA/J3/DSCR/SPE4A6-17-X-1287/listing.html,N/A,US,23297,23297-5000,0825,b56e650c-8a8f-11e7-89d1-1cc1de329608,17,"NSN 6340-01-472-0327; Detector, Ice",,8000 Jefferson Davis Highway Richmond VA 23297-5000,336413
null,SRCSGT,Procurement Directorate,ROM_Somalia,D,Link To Document,,"Erica Potthast, Phone +49711686392887, Email erica.g.potthast.civ@mail.mil",Defense Information Systems Agency,091317,DITCO-Europe,https://www.fbo.gov/spg/DISA/D4AD/DTE/ROM_Somalia/listing.html,N/A,SO,,N/A,0825,b56e6555-8a8f-11e7-89d1-1cc1de329608,17,ROM Samalia,,null,517110
null,SRCSGT,Army Contracting Command,W911QX-17-T-0306,R,Link To Document,,"Coleman Dieger, Phone 5756785450, Email d.c.dieger.civ@mail.mil",Department of the Army,090117,ACC - APG (W911QX) Adelphi ,https://www.fbo.gov/notices/2918bb6167973fcd778be52a697aa335,N/A,US,21005,20783-1197,0825,b56e64f6-8a8f-11e7-89d1-1cc1de329608,17,"Purchase of design and field survey services required for renovations of 2,000 square feet of HRED facilities.",,2800 POWDER MILL RD ADELPHI  MD 20783-1197,541410
null,SRCSGT,DLA Acquisition Locations,SPE4A5-17-R-1374,16,Link To Document,09292017,"Christy L. Oakley, Acquisition Specialist, Phone 8042795388, Email christy.oakley@dla.mil - Manuel N. Alvarez, Contracting Officer/Procurement Team Lead, Phone (804) 279-5856, Fax (804) 279-4722, Email Manuel.Alvarez@dla.mil",Defense Logistics Agency,083017,DLA Aviation - BSM,https://www.fbo.gov/spg/DLA/J3/DSCR-BSM/SPE4A5-17-R-1374/listing.html,N/A,US,23297-5100,23297-5000,0825,b56e6515-8a8f-11e7-89d1-1cc1de329608,17,"Window Panel, Aircraft, PN 209-034-308-109A, NSN 1560-01-621-1840, PR 64078233",,8000 Jefferson Davis Highway Richmond VA 23297-5000,336413
null,SRCSGT,DLA Acquisition Locations,CL17236004_MARKET_RESEARCH_PROJECT,25,Link To Document,,"maureen n haag, Phone 6146928218, Email maureen.haag@dla.mil",Defense Logistics Agency,090117,DLA Land and Maritime,https://www.fbo.gov/spg/DLA/J3/DSCC/CL17236004_MARKET_RESEARCH_PROJECT/listing.html,,,,43218-3990,0825,b56e651f-8a8f-11e7-89d1-1cc1de329608,17,CL17236004 MARKET RESEARCH PROJECT ,,P O Box 3990 Columbus OH 43218-3990,336340
null,SRCSGT,Federal Acquisition Service (FAS),ID09170083,99,Link To Document,,"John W. Rhoden, Contracting Officer, Phone 8085411774, Fax n/a, Email john.rhoden@gsa.gov",General Services Administration,090117,Contracting Division (9QZ),https://www.fbo.gov/notices/48275b3dc1aaa5d64702273c6bfd330f,N/A,US,,94102-3404,0825,b56e6526-8a8f-11e7-89d1-1cc1de329608,17,"United States Africa Command (AFRICOM) Intelligence, Surveillance and Reconnaissance (ISR) Operations",,50 United Nations Plaza r2nd Floor San Francisco CA 94102-3404,532411
null,SRCSGT,Virginia Contracting Activity,VC_Wizard_Upgrade-NA,D,Link To Document,09012017,"Scott Stoolmiller, Phone 202-231-8416, Fax 202-231-6179, Email scott.stoolmiller@dodiis.mil",Other Defense Agencies,083017,Virginia Contracting Activity (ZD50),https://www.fbo.gov/spg/ODA/DIA/ZD50/VC_Wizard_Upgrade-NA/listing.html,N/A,US,20340,20035-6563,0825,b56e656e-8a8f-11e7-89d1-1cc1de329608,17,VC Wizard Upgrade,,200 MacDill BoulevardPost Office Box 46563 Washington DC 20035-6563,511210
null,SRCSGT,"Army Contracting Command, MICC",W911SF-17-R-HIST,R,Link To Document,,"Willie D. Richardson, Phone 7065454943, Email willie.d.richardson2.civ@mail.mil",Department of the Army,082917,MICC - Fort Benning,https://www.fbo.gov/notices/75c79c35d3e021a3a4486ea4f2529272,Total Small Business,US,31905,31905-5000,0825,b56e6504-8a8f-11e7-89d1-1cc1de329608,17,Historic Architectural Preservation Services,,"Bldg 6, Meloy Hall, Room 207 Fort Benning GA 31905-5000",541620
null,SRCSGT,DLA Acquisition Locations,SPE4A617R0870,61,Link To Document,,"Adrienne M. Robinson, Acquisition Specialist, Phone 8042796279, Email adrienne.robinson@dla.mil - Teresa M. Swain, Supervisor, Phone 8042793901, Email teresa.swain@dla.mil",Defense Logistics Agency,083117,DLA Aviation - BSM,https://www.fbo.gov/spg/DLA/J3/DSCR-BSM/SPE4A617R0870/listing.html,,,,23297-5000,0825,b56e650f-8a8f-11e7-89d1-1cc1de329608,17,"WIRING HARNESS, BRANCED",,8000 Jefferson Davis Highway Richmond VA 23297-5000,334419
null,SRCSGT,National Institutes of Health,HHS-NIH-NIDA-SSSA-SS-2017-763 ,66,Link To Document,,"Michelle C. Morelli, Contract Specialist, Phone 3018270914, Email michelle.morelli@nih.gov",Department of Health and Human Services,083017,"National Institute on Drug Abuse, Station Support/Simplified Acquisitions",https://www.fbo.gov/spg/HHS/NIH/NIDA-2/HHS-NIH-NIDA-SSSA-SS-2017-763 /listing.html,,,,20892,0825,b56e6541-8a8f-11e7-89d1-1cc1de329608,17,Fluorescent Imaging System for the Neurocognitive Aging Section,,6001 Executive BoulevardrRoom 3165 Bethesda MD 20892,334516
null,SRCSGT,National Institutes of Health,HHS-NIH-NIDA-SSSA-17-767,66,Link To Document,,"Stephanie D. Dewitt, Contract Specialist , Phone 3014432848, Email stephanie.dewitt@nih.gov - Rosanne S. W. Ogoh, Contracting Officer, Phone 301-443-4433, Email ogohr@mail.nih.gov",Department of Health and Human Services,083017,National Institute on Mental Health,https://www.fbo.gov/spg/HHS/NIH/NIMH/HHS-NIH-NIDA-SSSA-17-767/listing.html,N/A,US,21224,20892-9661,0825,b56e6544-8a8f-11e7-89d1-1cc1de329608,17,Siemens Dimension EXL LM 20050/60HZ Instrument,,"Contracts Management Branch6001 Executive Blvd, Rm 8154, MSC 9661 Bethesda MD 20892-9661",334516
null,SRCSGT,Long Beach VANLO,VA26217N1758,65,latricia.williams2@va.gov,09292017,LATRICIA WILLIAMSlatricia.williams2@va.govlatricia.williams2@va.gov,Department of Veterans Affairs,083017,Department of Veterans Affairs,https://www.fbo.gov/spg/VA/LBVANBC/VAMD/VA26217N1758/listing.html,N/A,USA,90073,90815,0825,b56e652d-8a8f-11e7-89d1-1cc1de329608,17,65--Hospital Cleaning Supplies    ,latricia.williams2@va.gov,Department of Veterans Affairs;Network Contracting Office 22;4811 Airport Plaza Drive;Suite 600;Long Beach CA  90815,325998
null,SRCSGT,DLA Acquisition Locations,SPE7MC17R0081,48,Link To Document,,"Richard D. Shemenski, Acquisition Specialist, Phone 6146921690, Email Richard.Shemenski@dla.mil",Defense Logistics Agency,090117,DLA Land and Maritime,https://www.fbo.gov/spg/DLA/J3/DSCC/SPE7MC17R0081/listing.html,,,,43218-3990,0825,b56e651a-8a8f-11e7-89d1-1cc1de329608,17,"48 - Valve, Check - SPE7MC17R0081",,P O Box 3990 Columbus OH 43218-3990,332911
null,SRCSGT,Army Contracting Command,W56HZV16R0251B,66,Link To Document,,"Terrie D. Legette, Contract Specialist, Phone 586-282-6278, Email terrie.d.legette.civ@mail.mil",Department of the Army,082917,ACC - WRN (W56HZV)(DTA),https://www.fbo.gov/notices/5f95c759164d06185fb374eb5eac8aac,N/A,US,49397-5000,48397-5000,0825,b56e6500-8a8f-11e7-89d1-1cc1de329608,17,Sondenbaugruppe Air Sampling Probe Repair,,6501 EAST 11 MILE ROAD Warren MI 48397-5000,334511
null,SRCSGT,Direct Reporting Unit - Air Force District of Washington,FM442572280136,65,Link To Document,,"Mckenze J. Childress, Phone 2406125679, Email mckenze.j.childress.mil@mail.mil - James Himelrick, Contract Specialist, Phone 2406125671, Email james.a.himelrick.civ@mail.mil",Department of the Air Force,090117,11th Contracting Squadron,https://www.fbo.gov/spg/USAF/AFDW/89CONS/FM442572280136/listing.html,Total Small Business,US,20762,20762-6500,0825,b56e650b-8a8f-11e7-89d1-1cc1de329608,17,Primus - RS,,1349 Lutman Drive Joint Base Andrews  MD 20762-6500,334510
null,SRCSGT,VA Capitol Network Acquisition Center,VA24517N0289,A,carla.maria@va.gov,12082017,"Carla G. MariaContracting Officer, VAMC-DCcarla.maria@va.gov",Department of Veterans Affairs,083117,Department of Veterans Affairs Capitol Network Acquisition Center,https://www.fbo.gov/spg/VA/VACNAC/VACNAC/VA24517N0289/listing.html,Service-Disabled Veteran-Owned Small Business,USA,20422,20422,0825,b56e6560-8a8f-11e7-89d1-1cc1de329608,17,"A--MODEL CREATION STRATEGIES ( R  D) Mouse Model Genetic Development Service Location: Veteran Affairs Medical Center, Washington DC  ",carla.maria@va.gov,Department of Veterans Affairs;VAMC(688);50 Irving Street NW;Washington DC  20422,541711
null,SRCSGT,Army Contracting Command,W9098S-17-T-0170,49,Link To Document,,"Samantha M. Keegan, Phone 309-782-2192, Email samantha.m.keegan.civ@mail.mil",Department of the Army,090117,ACC - RI (W9098S) (JMTC-RIA),https://www.fbo.gov/notices/da3b5ff7a2e40d1d4b2ed40ecc8d13db,N/A,US,61299,61299-5000,0825,b56e64fe-8a8f-11e7-89d1-1cc1de329608,17,Metal Working Machine Shop Set (MWMSS) Parts,,BLDG 211 RODMAN AVENUE Rock Island IL 61299-5000,333999
null,SRCSGT,Air Force Materiel Command,RM17-Repair_of_Fire_Truck_Components,25,Link To Document,,"Randy W. Miller, Source Development Specialist, Phone 4789265871, Email randy.miller.22@us.af.mil",Department of the Air Force,092519,PK/PZ - Robins AFB,https://www.fbo.gov/spg/USAF/AFMC/WRALC/RM17-Repair_of_Fire_Truck_Components/listing.html,N/A,US,31098,31098-1611,0825,b56e64ed-8a8f-11e7-89d1-1cc1de329608,17,Repair of Fire Truck Components,,215 Page Rd Robins AFB GA 31098-1611,335313
null,SRCSGT,National Institutes of Health,HHS-NIH-NIDA-SSSA-SS-17-765,66,Link To Document,,"Jon J. Gottschalk, Contract Specialist, Phone 3014439456, Email jon.gottschalk@nih.gov - Yvette Brown, Contracting Officer, Phone 3014438402, Email Yvette.Brown@nih.gov",Department of Health and Human Services,083017,National Institute on Mental Health,https://www.fbo.gov/spg/HHS/NIH/NIMH/HHS-NIH-NIDA-SSSA-SS-17-765/listing.html,N/A,US,21224-2816,20892-9661,0825,b56e6543-8a8f-11e7-89d1-1cc1de329608,17,Mitochondrial Function Cell Analyzer,,"Contracts Management Branch6001 Executive Blvd, Rm 8154, MSC 9661 Bethesda MD 20892-9661",334516
null,SRCSGT,DLA Acquisition Locations,SPE7M417R0063,47,Link To Document,,"Lori C. Phillips, Acquisition Specialist, Phone 6146927453, Email Lori.phillips@Dla.MIl",Defense Logistics Agency,090117,DLA Land and Maritime,https://www.fbo.gov/spg/DLA/J3/DSCC/SPE7M417R0063/listing.html,N/A,US,43218,43218-3990,0825,b56e6518-8a8f-11e7-89d1-1cc1de329608,17,"TUBING,NONMETALLIC",,P O Box 3990 Columbus OH 43218-3990,326121
null,SRCSGT,Air Force Global Strike Command,FA462517N0008,G,Link To Document,09302017,"Eric J. Wienke, Phone 660-687-5488, Fax 6606877083, Email 509cons.sollgcb@us.af.mil - Gerardo Martinez, Phone 6606875434, Fax 6606877083, Email 509cons.sollgcb@us.af.mil",Department of the Air Force,083117,509 CONS,https://www.fbo.gov/notices/b3400eb889fc53593ae21785b395091a,N/A,US,65305,65305,0825,b56e64e9-8a8f-11e7-89d1-1cc1de329608,17,Chapel Requirements,,"660 Tenth Street, Ste 222 Whiteman AFB MO 65305",813110
null,SRCSGT,VA Southern Arizona Health Care System,VA25817Q0385,U,CYNTHIA.VALDES@VA.GOV,11052017,Cynthia ValdesContract Specialist520-792-1450 x4371CYNTHIA.VALDES@VA.GOV,Department of Veterans Affairs,090617,Department of Veterans Affairs Southern Arizona Health Care System,https://www.fbo.gov/spg/VA/TuVAMC/VASAHCS/VA25817Q0385/listing.html,,,,85723,0825,b56e656a-8a8f-11e7-89d1-1cc1de329608,17,U--Yoga Therapy Services (VA-17-905060)    ,cynthia.valdes@va.gov,Department of Veterans Affairs;Contracting Section;3601 S. 6th Avenue;Tucson AZ  85723,611699
null,SRCSGT,Centers for Medicare  Medicaid Services,SS-CRARAAE-2018,R,Link To Document,,"Lyra Correa, Contract Specialist, Phone (410) 786-3765, Email lyra.correa@cms.hhs.gov - Craig M.Dash, Contracting Officer, Phone (410) 786-1221, Email Craig.Dash@cms.hhs.gov",Department of Health and Human Services,090617,Office of Acquisition and Grants Management,https://www.fbo.gov/spg/HHS/HCFA/AGG/SS-CRARAAE-2018/listing.html,N/A,US,21244,21244-1850,0825,b56e650a-8a8f-11e7-89d1-1cc1de329608,17,COST REPORT AUDIT RISK ASSESSMENT ACCURACY AND EDUCATION CONTRACTOR (CRARAAE),,7500 Security Blvd.C2-21-15 Baltimore MD 21244-1850,541990
null,SRCSGT,U.S. Army Medical Research Acquisition Activity,W81XWH-17-R-0061,A,Link To Document,,"Dana M. Kavitski, Contract Specialist, Email dana.kavitski.civ@mail.mil - Kelly R. Green, Contract Specialist, Phone 3016191346, Email kelly.r.green.civ@mail.mil",Department of the Army,091117,U.S. Army Medical Research Acquisition Activity,https://www.fbo.gov/spg/USA/USAMRAA/DAMD17/W81XWH-17-R-0061/listing.html,,,,21702-5014,0825,b56e655d-8a8f-11e7-89d1-1cc1de329608,17,: Research and Development Sources Sought x96 HIV Germany Cohort Study,,"Attn:  MCMR-AAAr820 Chandler Street Frederick, MD 21702-5014 MD 21702-5014",541712
null,SRCSGT,U.S. Army Corps of Engineers,DACA63-5-18-0026,X,Link To Document,10162017,"Jeanie M. Cosper, Phone 8178861117, Email jeanie.cosper@usace.army.mil",Department of the Army,101317,"USACE District, Fort Worth",https://www.fbo.gov/spg/USA/COE/DACA63/DACA63-5-18-0026/listing.html,N/A,US,78217,76102-0300,0825,b56e6559-8a8f-11e7-89d1-1cc1de329608,17,FOR LEASE PROFESSIONAL OFFICE AND RELATED SPACE,,Attn:  CESWF-CTrPO Box 17300 Fort Worth TX 76102-0300,531120
null,SRCSGT,Army Contracting Command,W9098S-17-T-0171,61,Link To Document,,"Samantha M. Keegan, Phone 309-782-2192, Email samantha.m.keegan.civ@mail.mil",Department of the Army,090117,ACC - RI (W9098S) (JMTC-RIA),https://www.fbo.gov/notices/5824ca9070155d02f78b05aa5d732e5c,N/A,US,61299,61299-5000,0825,b56e64ff-8a8f-11e7-89d1-1cc1de329608,17,Metal Working Machine Shop Set (MWMSS),,BLDG 211 RODMAN AVENUE Rock Island IL 61299-5000,334417
null,SRCSGT,"Army Contracting Command, MICC",PANMCC-17-P-0000-064097,38,Link To Document,,"Brandon M. Chapman, Contract Specialist, Phone 7195266631, Email brandon.m.chapman.mil@mail.mil - Johnathan S. Kennedy, Contracting Officer , Phone 7195261563, Email johnathan.s.kennedy.mil@mail.mil",Department of the Army,090117,MICC - Fort Carson,https://www.fbo.gov/notices/adac17dc8147997cc3d8666404399c5d,N/A,US,80913,80913-5198,0825,b56e6506-8a8f-11e7-89d1-1cc1de329608,17,Airfield Street Sweeper,,"1676 Evans Street, Building 1220, 3rd Floor Fort Carson CO 80913-5198",333120
null,SRCSGT,Air Force Materiel Command,FD2060-18-00053,59,Link To Document,12252017,"Charles T. Massey, Phone 478-926-5476, Email charles.massey.3@us.af.mil",Department of the Air Force,091117,PK/PZ - Robins AFB,https://www.fbo.gov/spg/USAF/AFMC/WRALC/FD2060-18-00053/listing.html,,,,31098-1611,0825,b56e64f1-8a8f-11e7-89d1-1cc1de329608,17,Request for Information ALE-45 Circuit Card Assembly (CCA),,215 Page Rd Robins AFB GA 31098-1611,334511
null,SRCSGT,Federal Emergency Management Agency,HSFE70-17-I-BRSheet,56,Link To Document,,"Kimberly A. Coakley, Phone 202-212-1396, Email kimberly.coakley@fema.dhs.gov - Monique Park, Contracting Officer, Email Monique.Park@fema.dhs.gov",Department of Homeland Security,082617,Response Branch,https://www.fbo.gov/spg/DHS/FEMA/POS/HSFE70-17-I-BRSheet/listing.html,N/A,US,,20472,0825,b56e6527-8a8f-11e7-89d1-1cc1de329608,17,Blue Roof Sheeting,,500 C Street SWrPatriots Plaza -- 5th Floor Washington DC 20472,326113
null,SRCSGT,Air Combat Command,F3T2EM7227AG01,34,Link To Document,,"Ezekiel C. Galyon, Contracct Specialist, Phone 9197221732, Email ezekiel.galyon@us.af.mil - John H. Parker, Contracting Officer, Phone 9197221592, Email john.parker.24@us.af.mil",Department of the Air Force,082817,4 CONS,https://www.fbo.gov/spg/USAF/ACC/4CONS/F3T2EM7227AG01/listing.html,Total Small Business,US,27531,27531,0825,b56e64e6-8a8f-11e7-89d1-1cc1de329608,17,Swing Lathe,,1570 Wright Brothers AverBldg 2903 Seymour Johnson AFB NC 27531,333517
null,SRCSGT,Air Force Materiel Command,FA8601-17-T-0246,59,Link To Document,,"Jessica M. Stamper, Phone 9375224609, Email jessica.stamper.2@us.af.mil",Department of the Air Force,083017,AFLCMC/PZIO - WPAFB,https://www.fbo.gov/spg/USAF/AFMC/88 CONS/FA8601-17-T-0246/listing.html,N/A,US,45433,45433-5309,0825,b56e64eb-8a8f-11e7-89d1-1cc1de329608,17,Electrical and Mechanical Engineering Trainers ,,1940 ALLBROOK DRIVE WRIGHT-PATTERSON AFB OH 45433-5309,335999
null,SRCSGT,Indianapolis VAMC,VA25017N1113,J,shasta.britt@va.gov,10312017,"Britt, Shastashasta.britt@va.govshasta.britt@va.gov",Department of Veterans Affairs,090117,Richard L. Roudebush Department of Veterans Affairs Medical Center,https://www.fbo.gov/spg/VA/InVAMC538/InVAMC538/VA25017N1113/listing.html,N/A,United States of America,49037,46240,0825,b56e652b-8a8f-11e7-89d1-1cc1de329608,17,J--Pharmacy ScriptPro Preventative Maintenance Services Sources Sought   ,shasta.britt@va.gov,Department of Veterans Affairs;Network Contracting Office 10;8888 Keystone Crossing;Suite 1100;Indianapolis IN  46240,811219
null,SRCSGT,DLA Acquisition Locations,CL17237002_MARKET_RESEARCH_PROJECT,10,Link To Document,,"maureen n haag, Phone 6146928218, Email maureen.haag@dla.mil",Defense Logistics Agency,090117,DLA Land and Maritime,https://www.fbo.gov/spg/DLA/J3/DSCC/CL17237002_MARKET_RESEARCH_PROJECT/listing.html,,,,43218-3990,0825,b56e6523-8a8f-11e7-89d1-1cc1de329608,17,CL17237002 MARKET RESEARCH PROJECT ,,P O Box 3990 Columbus OH 43218-3990,332994
null,SRCSGT,DLA Acquisition Locations,SPRMM117RWR29,28,Link To Document,,"Veronica B. Hudon, Email veronica.hudon@dla.mil",Defense Logistics Agency,090117,DLA Land and Maritime,https://www.fbo.gov/spg/DLA/J3/DSCC/SPRMM117RWR29/listing.html,,,,43218-3990,0825,b56e651e-8a8f-11e7-89d1-1cc1de329608,17,"Disk, Compressor, Non.",,P O Box 3990 Columbus OH 43218-3990,333611
null,SRCSGT,VA Gulf Coast Veterans Health Care System,VA25617Q1337,58,CO email address,11292017,Melanie HawleyContracting Officer228-523-5069CO email address,Department of Veterans Affairs,083117,Department of Veterans Affairs Gulf Coast Veterans Health Care System,https://www.fbo.gov/spg/VA/BiVAMC/VAMCCO80220/VA25617Q1337/listing.html,N/A,USA,71101,39531,0825,b56e6564-8a8f-11e7-89d1-1cc1de329608,17,58--Equip: Radio System    ,Melanie.Hawley@va.gov,Department of Veterans Affairs;Gulf Coast Veterans Health Care System;Network Contracting Office 16;400 Veterans Avenue;Biloxi MS  39531,334220
null,SRCSGT,DLA Acquisition Locations,CM17237001_MARKET_RESEARCH_PROJECT,61,Link To Document,,"maureen n haag, Phone 6146928218, Email maureen.haag@dla.mil",Defense Logistics Agency,090117,DLA Land and Maritime,https://www.fbo.gov/spg/DLA/J3/DSCC/CM17237001_MARKET_RESEARCH_PROJECT/listing.html,,,,43218-3990,0825,b56e6524-8a8f-11e7-89d1-1cc1de329608,17,CM17237001 MARKET RESEARCH PROJECT ,,P O Box 3990 Columbus OH 43218-3990,335312
null,SRCSGT,"Army Contracting Command, MICC",Dispatcher,R,Link To Document,,"SaLonda M. Ozier, Phone 2707987825, Email salonda.m.ozier.civ@mail.mil",Department of the Army,101617,MICC - Fort Campbell,https://www.fbo.gov/notices/e3c4c42744a33ee1eec5a6809335d482,,,,42223-1100,0825,b56e6505-8a8f-11e7-89d1-1cc1de329608,17,Dispatcher,,"Bldg 2174, 131/2  Indiana St Fort Campbell KY 42223-1100",561110
null,SRCSGT,Air Force Materiel Command,18M-505A-FL,66,Link To Document,08242018,"Frank Capuano , Contract Specialist, Phone 740-788-5046, Fax 740-788-5157, Email Frank.Capuano@us.af.mil - Allen Kurella, Contract Specialist, Phone 740-788-5052, Fax 740-788-5157, Email Allen.Kurella@us.af.mil",Department of the Air Force,092517,AFLCMC/WNMRP AFMETCAL ,https://www.fbo.gov/spg/USAF/AFMC/AFMETCAL/18M-505A-FL/listing.html,,,,43056-6116,0825,b56e64ec-8a8f-11e7-89d1-1cc1de329608,17,JCAST/ACAST Calibration Kits,,813 Irving Wick Dr. W. Bldg 2 Heath OH 43056-6116,334515
null,SRCSGT,VA Great Lakes Healthcare System,VA69D17N0099,H,Donald.St.Onge@va.gov,10012017,Michael Sands224-610-3678michael.sands3@va.govDonald.St.Onge@va.gov,Department of Veterans Affairs,090117,Department of Veterans Affairs Great Lakes Healthcare System,https://www.fbo.gov/spg/VA/VAGLHS/VAGLHCS/VA69D17N0099/listing.html,N/A,USA,60141-1457,53214-1476,0825,b56e6561-8a8f-11e7-89d1-1cc1de329608,17,H--INTENT TO SOLE SOURCE - SIMPLEXGRINNELL FIRE ALARM SYSTEM    ,Donald.St.Onge@va.gov,"Department of Veterans Affairs;Great Lakes Acquisition Center (GLAC);115 S. 84th Street, Suite 101;Milwaukee WI  53214-1476",561621
null,SRCSGT,DLA Acquisition Locations,SPE4A717R1173,16,Link To Document,08302017,"Dorothy Ferebee, Contract Specialist, Phone 8042793540, Fax 8042793516, Email Dorothy.Ferebee@dla.mil",Defense Logistics Agency,082917,DLA Aviation - BSM,https://www.fbo.gov/spg/DLA/J3/DSCR-BSM/SPE4A717R1173/listing.html,N/A,US,23297,23297-5000,0825,b56e6512-8a8f-11e7-89d1-1cc1de329608,17,"CYLINDER ASSEMBLY, A; AIRCRAFT, STRATOFORTRESS B-52",,8000 Jefferson Davis Highway Richmond VA 23297-5000,336413
null,SRCSGT,"Army Contracting Command, ECC",W91WFU-17-T-0022,R,Link To Document,,"Olivia F. Epps, Phone 497117292939, Email olivia.f.epps.civ@mail.mil",Department of the Army,083117,409th CSB (W91WFU) RCO Stuttgart,https://www.fbo.gov/notices/b80bd878e3b32b49e14c98ea8f9dcd98,N/A,DE,,09107,0825,b56e6503-8a8f-11e7-89d1-1cc1de329608,17,RSO Instrumentalist and AV Maintenance and Repair Services,,null,813110
null,SRCSGT,Army Contracting Command,W911QX-17-T-0317,61,Link To Document,,"Adrian Barber, Contract Specialist, Phone 3013941503, Email adrian.t.barber.civ@mail.mil",Department of the Army,083117,ACC - APG (W911QX) Adelphi ,https://www.fbo.gov/notices/7d7caac35ae6e14bcc0e5965cc1b114d,N/A,US,21005,20783-1197,0825,b56e64f5-8a8f-11e7-89d1-1cc1de329608,17,PULSE DELAY GENERATOR,,2800 POWDER MILL RD ADELPHI  MD 20783-1197,334515
null,SRCSGT,DLA Acquisition Locations,SPRMM117RY572,59,Link To Document,,"Veronica B. Hudon, Email veronica.hudon@dla.mil",Defense Logistics Agency,090117,DLA Land and Maritime,https://www.fbo.gov/spg/DLA/J3/DSCC/SPRMM117RY572/listing.html,,,,43218-3990,0825,b56e651b-8a8f-11e7-89d1-1cc1de329608,17,Circuit Card Assembly,,P O Box 3990 Columbus OH 43218-3990,334412
null,SRCSGT,National Institutes of Health,HHS-NIH-NIDA-SSSA-SS-17-620,99,Link To Document,,"Danielle R. Brown, Contract Specialist, Phone 301 480 2385, Email danielle.brown2@nih.gov",Department of Health and Human Services,083017,National Institute on Drug Abuse,https://www.fbo.gov/spg/HHS/NIH/NIDA-01/HHS-NIH-NIDA-SSSA-SS-17-620/listing.html,N/A,US,21224,20892-9559,0825,b56e653d-8a8f-11e7-89d1-1cc1de329608,17,Single Cell RNA Sequencing of Basal Forebrain GABAergic Neurons,,"6001 Executive BoulevardrRoom 4211, MSC 9559 Bethesda MD 20892-9559",325414
null,SRCSGT,DLA Acquisition Locations,SPRMM117RWR28,58,Link To Document,,"Veronica B. Hudon, Email veronica.hudon@dla.mil",Defense Logistics Agency,090117,DLA Land and Maritime,https://www.fbo.gov/spg/DLA/J3/DSCC/SPRMM117RWR28/listing.html,,,,43218-3990,0825,b56e651d-8a8f-11e7-89d1-1cc1de329608,17,"Multiplexer, Light S.",,P O Box 3990 Columbus OH 43218-3990,334511
null,SRCSGT,Air Force Materiel Command,FD2030-18-00361,15,Link To Document,08252018,"424SCMSAFMCRFIRe 424SCMSAFMCRFIRe, Email 424SCMSAFMCRFIRe@us.af.mil",Department of the Air Force,090117,PK/PZ Tinker AFB,https://www.fbo.gov/spg/USAF/AFMC/OCALCCC/FD2030-18-00361/listing.html,,,,73145-3015,0825,b56e64f4-8a8f-11e7-89d1-1cc1de329608,17,Sources Sought (Market Research),,"3001 Staff Drive, Ste 1AG76A Tinker AFB OK 73145-3015",336413
null,SRCSGT,Army Contracting Command,W9098S-17-T-HOIST,35,Link To Document,,"Samantha M. Keegan, Phone 309-782-2192, Email samantha.m.keegan.civ@mail.mil",Department of the Army,083117,ACC - RI (W9098S) (JMTC-RIA),https://www.fbo.gov/notices/3ee3d7fbd2db76f96d80cfc019e6a21e,N/A,US,61299,61299-5000,0825,b56e64fd-8a8f-11e7-89d1-1cc1de329608,17,Columbus McKinnon Electric 3-Ton Hoist,,BLDG 211 RODMAN AVENUE Rock Island IL 61299-5000,333923
null,SRCSGT,Network Contracting Office 4,VA24417N1686,65,amanda.saunders@va.gov,09132017,AMANDA SAUNDERSAMANDA.SAUNDERS@VA.GOVamanda.saunders@va.gov,Department of Veterans Affairs,082917,Veterans Integrated Service Network 4 Facilities,https://www.fbo.gov/spg/VA/PiVAMC646/PiVAMC646/VA24417N1686/listing.html,N/A,UNITED STATES,16504,15215,0825,b56e6552-8a8f-11e7-89d1-1cc1de329608,17,65--Carescape Telemetry Monitoring System    ,amanda.saunders@va.gov,"Department of Veterans Affairs;Network Contracting Office 4;1010 DELAFIELD ROAD;PITTSBURGH, PA 15215",339112
null,SRCSGT,U.S. Army Corps of Engineers,W911KB18SS0005,Y,Link To Document,,"Ronald K Jackson, Contract Specialist, Phone 907 753-5596, Fax 907 753-2544, Email Ronald.K.Jackson@usace.army.mil - Clara Sullivan, Contract Specialist, Phone 9077532851, Email clara.d.sullivan@usace.army.mil",Department of the Army,090817,"USACE District, Alaska",https://www.fbo.gov/spg/USA/COE/DACA85/W911KB18SS0005/listing.html,Total Small Business,US,99506,99506-6898,0825,b56e6558-8a8f-11e7-89d1-1cc1de329608,17,"Design, Construction and Repairs to Utilidors and Related Systems, Indefinite Delivery Indefinite Quantity (IDIQ) Contract, Various Military Installations, Alaska",,ATTN:  CEPOA-CTrP. O. Box 6898 JBER AK 99506-6898,237110
null,SRCSGT,Long Beach VANLO,VA26217N1863,66,cecil.nichols@va.gov,10302017,Cecil S. NicholsContract Specialistcecil.nichols@va.gov,Department of Veterans Affairs,083117,Department of Veterans Affairs,https://www.fbo.gov/spg/VA/LBVANBC/VAMD/VA26217N1863/listing.html,Total Small Business,USA,92161-0001,90815,0825,b56e6531-8a8f-11e7-89d1-1cc1de329608,17,66--664-17-3-7143-0926 EQUIPMENT Med Research Self-Contained Evacuation System.   ,cecil.nichols@va.gov,"Department of Veterans Affairs;Network Contracting Office (NCO) 22;4811 Airport Plaza Drive, Suite 600;Long Beach CA  90815",333413
null,SRCSGT,National Institutes of Health,HHS-NIH-NIDA-SSSA-SS-17-626,66,Link To Document,,"Danielle R. Brown, Contract Specialist, Phone 301 480 2385, Email danielle.brown2@nih.gov",Department of Health and Human Services,083017,National Institute on Drug Abuse,https://www.fbo.gov/spg/HHS/NIH/NIDA-01/HHS-NIH-NIDA-SSSA-SS-17-626/listing.html,N/A,US,21224,20892-9559,0825,b56e653e-8a8f-11e7-89d1-1cc1de329608,17,Cell Imaging Multi-mode Microplate Reader,,"6001 Executive BoulevardrRoom 4211, MSC 9559 Bethesda MD 20892-9559",334516
null,SRCSGT,DLA Acquisition Locations,SPRMM117RWR19,58,Link To Document,,"Veronica B. Hudon, Email veronica.hudon@dla.mil",Defense Logistics Agency,090117,DLA Land and Maritime,https://www.fbo.gov/spg/DLA/J3/DSCC/SPRMM117RWR19/listing.html,,,,43218-3990,0825,b56e651c-8a8f-11e7-89d1-1cc1de329608,17,Link Interface Assy.,,P O Box 3990 Columbus OH 43218-3990,334290
null,SRCSGT,National Institutes of Health,HHS-NIH-NIDA-SSSA-SS-17-617,66,Link To Document,,"Danielle R. Brown, Contract Specialist, Phone 301 480 2385, Email danielle.brown2@nih.gov",Department of Health and Human Services,083017,National Institute on Drug Abuse,https://www.fbo.gov/spg/HHS/NIH/NIDA-01/HHS-NIH-NIDA-SSSA-SS-17-617/listing.html,N/A,US,21224,20892-9559,0825,b56e653c-8a8f-11e7-89d1-1cc1de329608,17,Mouse Multifunction Telemetry Device,,"6001 Executive BoulevardrRoom 4211, MSC 9559 Bethesda MD 20892-9559",334516
null,SRCSGT,Air Force Materiel Command,FD2030-18-00535,30,Link To Document,08252018,"422 SCMS, Email 422.SCMS.AFMC.RFI@US.AF.MIL",Department of the Air Force,090117,PK/PZ Tinker AFB,https://www.fbo.gov/spg/USAF/AFMC/OCALCCC/FD2030-18-00535/listing.html,,,,73145-3015,0825,b56e64f3-8a8f-11e7-89d1-1cc1de329608,17,Sources Sought (Market Watch),,"3001 Staff Drive, Ste 1AG76A Tinker AFB OK 73145-3015",336412
null,SRCSGT,VA Great Lakes Healthcare System,VA69D17N1613,65,omar.cante@va.gov,11272017,Omar Alejandro Canteomar.cante@va.govomar.cante@va.gov,Department of Veterans Affairs,082917,Department of Veterans Affairs Great Lakes Healthcare System,https://www.fbo.gov/spg/VA/VAGLHS/VAGLHCS/VA69D17N1613/listing.html,N/A,53705-2286,WI,53214-1476,0825,b56e6562-8a8f-11e7-89d1-1cc1de329608,17,65--607-17-3-969-0102 Crossflow Console Arthroscopy Pump  ** Sources Sought **   ,omar.cante@va.gov,"Department of Veterans Affairs;Great Lakes Acquisition Center (GLAC);115 S 84th Street, Suite 101; WI  53214-1476",339112
null,SRCSGT,VA Technology Acquisition Center,VA11817N2514,D,jason.king6@va.gov,10282017,"Jason King, Contract Specialistjason.king6@va.govjason.king6@va.gov",Department of Veterans Affairs,082917,VA Technology Acquisition Center,https://www.fbo.gov/notices/c3b809be5063fb908eb7cef355b99459,,,,07724,0825,b56e656c-8a8f-11e7-89d1-1cc1de329608,17,D--VistA De-Identification Services    ,jason.king6@va.gov,Department of Veterans Affairs;Technology Acquisition Center;23 Christopher Way;Eatontown NJ  07724,541512
null,SRCSGT,U.S. Army Medical Command,W91YTZ17R0132,Q,Link To Document,08252018,"Byron W. Bracey, Phone 3016778112, Email byron.w.bracey.civ@mail.mil",Department of the Army,082917,"MEDCOM, North Atlantic Regional Contracting Office",https://www.fbo.gov/spg/USA/MEDCOM/DADA15/W91YTZ17R0132/listing.html,Total Small Business,US,20755,20889,0825,b56e655c-8a8f-11e7-89d1-1cc1de329608,17,GSL Intellicab Maintenance,,"8901  Rockville Pike, Bldg 54 Bethesda MD 20889",811219
null,SRCSGT,National Institutes of Health,HHS-NIH-NIDA-SSSA-SS-17-627,66,Link To Document,,"Danielle R. Brown, Contract Specialist, Phone 301 480 2385, Email danielle.brown2@nih.gov",Department of Health and Human Services,083017,National Institute on Drug Abuse,https://www.fbo.gov/spg/HHS/NIH/NIDA-01/HHS-NIH-NIDA-SSSA-SS-17-627/listing.html,N/A,US,21224,20892-9559,0825,b56e6539-8a8f-11e7-89d1-1cc1de329608,17,Procurement of Axio Zoom Microscope,,"6001 Executive BoulevardrRoom 4211, MSC 9559 Bethesda MD 20892-9559",333314
null,SRCSGT,Long Beach VANLO,VA26217N1860,59,marie.irvin@va.gov,09182017,Marie Irvinmarie.irvin@va.govmarie.irvin@va.gov,Department of Veterans Affairs,082917,Department of Veterans Affairs,https://www.fbo.gov/spg/VA/LBVANBC/VAMD/VA26217N1860/listing.html,N/A,,,90815,0825,b56e652e-8a8f-11e7-89d1-1cc1de329608,17,59--Headsets    ,marie.irvin@va.gov,Department of Veterans Affairs;Network Contracting Office 22;4811 Airport Plaza Drive;Suite 600;Long Beach CA  90815,334210
null,SRCSGT,DLA Acquisition Locations,SPE7L317R0130,30,Link To Document,,"Darrell Kelso, Phone 6146925879, Email darrell.kelso@dla.mil - Sunshine S. Brubaker, Phone 6146925890, Email sunshine.brubaker@dla.mil",Defense Logistics Agency,082917,DLA Land and Maritime,https://www.fbo.gov/spg/DLA/J3/DSCC/SPE7L317R0130/listing.html,,,,43218-3990,0825,b56e6519-8a8f-11e7-89d1-1cc1de329608,17,"SHOE, THRUST BEARING",,P O Box 3990 Columbus OH 43218-3990,333613
null,SRCSGT,Washington D.C.,SOL-OAA-17-0000xx,R,Link To Document,,"Faizallet N.H. Sultan, Contract Specialist, Email fsultan@usaid.gov - Sharon M. Baker, Contracting Officer, Email shbaker@usaid.gov",Agency for International Development,091417,USAID/Washington,https://www.fbo.gov/spg/AID/OP/WashingtonDC/SOL-OAA-17-0000xx/listing.html,Total Small Business,US,,20523,0825,b56e656f-8a8f-11e7-89d1-1cc1de329608,17,E3/Sharing Environment and Energy Knowledge (SEEK) ,,"1300 Pennsylvania Avenue, NWrRoom 7.10-006 Washington DC 20523",611430
null,SRCSGT,Army Contracting Command,W52P1J-17-T-Shredders,99,Link To Document,,"Stanley L. Bolton, Contract Specialist, Phone 3097820952, Email stanley.l.bolton2.civ@mail.mil - Sheila Peters, Contract Specialist, Phone 3097820703, Email sheila.k.peters2.civ@mail.mil",Department of the Army,090117,ACC - RI (W52P1J),https://www.fbo.gov/notices/6e8c53294d2a885e89790721950b4d79,N/A,US,74501,61299-8000,0825,b56e64fb-8a8f-11e7-89d1-1cc1de329608,17,Electric Drive Rotary and Hydraulic two shaft Shredders,,3055 Rodman Avenue Rock Island IL 61299-8000,333249
null,SRCSGT,DLA Acquisition Locations,SPE4A617R0869,66,Link To Document,,"Sherri A Henderson, BUYER, Phone 8042793744, Email sherri.henderson@dla.mil - Keri Baker, Supervisory Contract Specialist, Phone (804) 279-2231, Fax (804) 279-3377, Email Keri.Baker@dla.mil",Defense Logistics Agency,090117,DLA Aviation - BSM,https://www.fbo.gov/spg/DLA/J3/DSCR-BSM/SPE4A617R0869/listing.html,,,,23297-5000,0825,b56e650e-8a8f-11e7-89d1-1cc1de329608,17,"GAGE, PRESSUE, DIAL INDICATING, NSN: 6685-00-514-5776",,8000 Jefferson Davis Highway Richmond VA 23297-5000,334512
null,SRCSGT,National Institutes of Health,HHS-NIH-NIDA-SSSA-SS-17-770,74,Link To Document,,"Danielle R. Brown, Contract Specialist, Phone 301 480 2385, Email danielle.brown2@nih.gov",Department of Health and Human Services,083017,National Institute on Drug Abuse,https://www.fbo.gov/spg/HHS/NIH/NIDA-01/HHS-NIH-NIDA-SSSA-SS-17-770/listing.html,N/A,US,21224,20892-9559,0825,b56e6540-8a8f-11e7-89d1-1cc1de329608,17,NIA IRP VOIP Handset Acquisition,,"6001 Executive BoulevardrRoom 4211, MSC 9559 Bethesda MD 20892-9559",334210
null,SRCSGT,Air Combat Command,F3F3SF7191A001,D,Link To Document,,"angelo deprimo, Phone 2088283693, Email angelo.deprimo@us.af.mil - Matthew P. Daub, Phone 2088283112, Email matthew.daub@us.af.mil",Department of the Air Force,082917,366 CONS,https://www.fbo.gov/spg/USAF/ACC/366CONS/F3F3SF7191A001/listing.html,,,,83648-5258,0825,b56e64e5-8a8f-11e7-89d1-1cc1de329608,17,ILETS FY18,,366 Gunfighter Ave Ste 498 Mountain Home AFB ID 83648-5258,561611
null,SRCSGT,Air Force Materiel Command,FD2060-18-00031,59,Link To Document,12252017,"Charles T. Massey, Phone 478-468-5476, Email charles.massey.3@us.af.mil",Department of the Air Force,091117,PK/PZ - Robins AFB,https://www.fbo.gov/spg/USAF/AFMC/WRALC/FD2060-18-00031/listing.html,,,,31098-1611,0825,b56e64f0-8a8f-11e7-89d1-1cc1de329608,17,Request for Information on AN/ALR-56C Components ,,215 Page Rd Robins AFB GA 31098-1611,334511
null,SRCSGT,Indian Health Service,RC17-031,74,Link To Document,,"Yvonne Macek, Purchasing Agent, Phone 6053552243, Email yvonne.macek@ihs.gov",Department of Health and Human Services,083017,Aberdeen Area Office,https://www.fbo.gov/spg/HHS/IHS/IHS-ABE/RC17-031/listing.html,Indian Small Business Economic Enterprises,US,57703,57401,0825,b56e652a-8a8f-11e7-89d1-1cc1de329608,17,Printers with 5 Yr Hardware Support,,"Federal Building, 115 4th Avenue SE Aberdeen SD 57401",334118
null,SRCSGT,Naval Sea Systems Command,N00167-17-Q-0086,J,Link To Document,,"Cynthia B.Newcomb, Phone 7574624096, Email cynthia.newcomb@navy.mil",Department of the Navy,090117,NSWC Carderock Division,https://www.fbo.gov/spg/DON/NAVSEA/N00167/N00167-17-Q-0086/listing.html,,,,20817-5700,0825,b56e654a-8a8f-11e7-89d1-1cc1de329608,17,Calibration Services,,9500 MacArthur Boulevard West Bethesda MD 20817-5700,811490
null,SRCSGT,DLA Acquisition Locations,CL17237001_MARKET_RESEARCH_PROJECT,30,Link To Document,,"maureen n haag, Phone 6146928218, Email maureen.haag@dla.mil",Defense Logistics Agency,090117,DLA Land and Maritime,https://www.fbo.gov/spg/DLA/J3/DSCC/CL17237001_MARKET_RESEARCH_PROJECT/listing.html,,,,43218-3990,0825,b56e6521-8a8f-11e7-89d1-1cc1de329608,17,CL17237001 MARKET RESEARCH PROJECT ,,P O Box 3990 Columbus OH 43218-3990,333612
null,SRCSGT,"Army Contracting Command, MICC",W91151-17-T-0215,89,Link To Document,,"Delainena Martinez, Contract Specialist, Phone 2542877685, Email delainena.m.martinez.civ@mail.mil",Department of the Army,090817,MICC - Fort Hood,https://www.fbo.gov/notices/416adec2ebbfacd889cdd294cc212fbc,N/A,US,76544,76544-5025,0825,b56e6507-8a8f-11e7-89d1-1cc1de329608,17,POTABLE ICE,,"761st Tank Battalion Ave., Room W103 Fort Hood TX 76544-5025",312113
null,SRCSGT,Army Contracting Command,W52P1J-18-R-ILA,D,Link To Document,,"Angela Quinn, Contracting Officer, Phone 309-782-2477, Email angela.g.quinn.civ@mail.mil - Marisol Trevino, Contract Specialist, Phone 3097821607, Email marisol.m.trevino.civ@mail.mil",Department of the Army,090817,ACC - RI (W52P1J),https://www.fbo.gov/notices/4bc030583deb71f86036d1d628f70462,,,,61299-8000,0825,b56e64f9-8a8f-11e7-89d1-1cc1de329608,17,Independent Logistics Assessments (ILA) and Internal Control Processes (ICP),,3055 Rodman Avenue Rock Island IL 61299-8000,541611
null,SRCSGT,DLA Acquisition Locations,SPRMM117RPS51,31,Link To Document,,"Ronald Matthews, Contracting Officer, Phone 7176052016, Fax 7176052764, Email ronald.matthews@dla.mil - Mark Manick, Reproduction, Phone 7176053855, Email mark.manick@navy.mil",Defense Logistics Agency,090517,DLA Land and Maritime,https://www.fbo.gov/spg/DLA/J3/DSCC/SPRMM117RPS51/listing.html,N/A,US,17055,43218-3990,0825,b56e6522-8a8f-11e7-89d1-1cc1de329608,17,Bearing,,P O Box 3990 Columbus OH 43218-3990,332991
null,SRCSGT,National Institutes of Health,HHS-NIH-NIDA-SSSA-SS-17-623,66,Link To Document,,"Danielle R. Brown, Contract Specialist, Phone 301 480 2385, Email danielle.brown2@nih.gov",Department of Health and Human Services,083017,National Institute on Drug Abuse,https://www.fbo.gov/spg/HHS/NIH/NIDA-01/HHS-NIH-NIDA-SSSA-SS-17-623/listing.html,N/A,US,21224,20892-9559,0825,b56e6537-8a8f-11e7-89d1-1cc1de329608,17,Shim Power Supply and RF Coil Upgrade to 7T MRI Scanner,,"6001 Executive BoulevardrRoom 4211, MSC 9559 Bethesda MD 20892-9559",334516
null,SRCSGT,VA Amarillo Health Care System,VA25717Q1290,J,ronalda.ohio@va.gov,11272017,Ronalda Ohioronalda.ohio@va.gov,Department of Veterans Affairs,082917,Department of Veterans Affairs Amarillo Health Care System,https://www.fbo.gov/spg/VA/VAAHCS/VAAHCS/VA25717Q1290/listing.html,N/A,,,79106,0825,b56e655e-8a8f-11e7-89d1-1cc1de329608,17,J--NAC YSIO Nuclear Camera MR    ,ronalda.ohio@va.gov,00504;Department of Veterans Affairs;Contracting Section;7201 I-40 West Suite 100;Amarillo TX  79106,811219
null,SRCSGT,Air Force Materiel Command,FA8509-17-R-MCTF,R,Link To Document,,"Maria A. George, Contract Specialist, Phone 478-926-7271, Fax 478-926-3360, Email maria.george.1@us.af.mil - Jarteau Hodges, Contracting Officer, Phone 4782220441, Email jarteau.hodges.1@us.af.mil",Department of the Air Force,092517,PK/PZ - Robins AFB,https://www.fbo.gov/spg/USAF/AFMC/WRALC/FA8509-17-R-MCTF/listing.html,,,,31098-1611,0825,b56e64ef-8a8f-11e7-89d1-1cc1de329608,17,Integration and Certification of the MC-130J Common Terrain Following/Terrain Avoidance Radar (MCTF),,215 Page Rd Robins AFB GA 31098-1611,541330
null,SRCSGT,"Army Contracting Command, MICC",W9124J-17-R-0060,J,Link To Document,,"Norieko G. Whitehead, Contract Specialist, Phone 2104662224, Email norieko.g.whitehead.civ@mail.mil - Maria Cachola, Contracting Officer, Phone 210-466-2200, Email maria.d.cachola.civ@mail.mil",Department of the Army,083117,MICC - Fort Sam Houston (JBSA),https://www.fbo.gov/notices/da69c5f61e6d465ac5baab5397bea2ea,N/A,US,,78234-1361,0825,b56e6508-8a8f-11e7-89d1-1cc1de329608,17,"Security System (CCTV, Access Control, and Alarm) Technicians",,"2205 Infantry Post Road, Bldg. 603 Fort Sam Houston TX 78234-1361",561621
null,SRCSGT,National Institutes of Health,HHS-NIH-NIDA-SSSA-SS-17-764,66,Link To Document,,"Danielle R. Brown, Contract Specialist, Phone 301 480 2385, Email danielle.brown2@nih.gov",Department of Health and Human Services,083017,National Institute on Drug Abuse,https://www.fbo.gov/spg/HHS/NIH/NIDA-01/HHS-NIH-NIDA-SSSA-SS-17-764/listing.html,N/A,US,21224,20892-9559,0825,b56e653b-8a8f-11e7-89d1-1cc1de329608,17,Procurement of All-In-One Fluorescence Microscope,,"6001 Executive BoulevardrRoom 4211, MSC 9559 Bethesda MD 20892-9559",333314
null,SRCSGT,U.S. Army Corps of Engineers,W912DW-17-T-7005,41,Link To Document,,"Shannan Jones, Contracting Officer, Email shannan.m.jones@usace.army.mil - Roger Williams, Contracting Officer, Phone 206-764-3772, Email roger.d.williams@usace.army.mil",Department of the Army,090117,"USACE District, Seattle",https://www.fbo.gov/spg/USA/COE/DACA67/W912DW-17-T-7005/listing.html,N/A,US,98433,98124-3755,0825,b56e655a-8a8f-11e7-89d1-1cc1de329608,17,Seeking United States made Variable Refrigerant Flow Zoning HVAC Systems and InverterDriven Ductless MiniSplit HVAC Systems,,Attn: CENWS-CTrPO Box 3755 Seattle WA 98124-3755,333415
null,SRCSGT,VA Office of Information Service Center,VA70117N0506,65,ray.burt@va.gov,09292017,Ray Burtray.burt@va.govErica Skellyerica.skelly@va.govray.burt@va.gov,Department of Veterans Affairs,083017,Department of Veterans Affairs Office of Information Service Center,https://www.fbo.gov/spg/VA/ISC/OISC/VA70117N0506/listing.html,,,,44131,0825,b56e6568-8a8f-11e7-89d1-1cc1de329608,17,65--AMTI Treadmill and Rail System Brand Name   ,ray.burt@va.gov,"Department of Veterans Affairs;Program Contracting Activity Central;6150 Oak Tree Blvd, Suite 300;Independence OH  44131",339112
null,SRCSGT,Air Combat Command,FY183480835,Z,Link To Document,,"Javier Carrillo, Email Javier.Carrillo.1@us.af.mil",Department of the Air Force,083117,633 CONS,https://www.fbo.gov/spg/USAF/ACC/1CONS/FY183480835/listing.html,N/A,US,23665,23665,0825,b56e64e8-8a8f-11e7-89d1-1cc1de329608,17,Skyco Box and FCX Power Supply,,"74 Nealy Avenue, Suite 100 Langley AFB VA 23665",236220
null,SRCSGT,Air Combat Command,Range_Inspection_Maintenance_Repair,J,Link To Document,,"Harriet Reynolds, Contract Specialist, Phone 7577641078, Fax 7577644071, Email harriet.reynolds@us.af.mil - Chet Terrill, Contract Officer, Phone 757-764-7033, Fax 7577644071, Email chester.terrill@us.af.mil",Department of the Air Force,063017,633 CONS,https://www.fbo.gov/spg/USAF/ACC/1CONS/Range_Inspection_Maintenance_Repair/listing.html,Total Small Business,US,23665,23665,0616,b56e64e7-8a8f-11e7-89d1-1cc1de329608,17,"Range Inspection, Maintenance and Repair",,"74 Nealy Avenue, Suite 100 Langley AFB VA 23665",562910
null,SRCSGT,National Guard Bureau,W912JA-17-T-0094,D,Link To Document,,"AMELIA DAVIS, Phone 3342746319, Email amelia.p.davis.civ@mail.mil",Department of the Army,090617,USPFO for Alabama,https://www.fbo.gov/spg/USA/NGB/DAHA01/W912JA-17-T-0094/listing.html,Total Small Business,US,36362,36109-0715,0825,b56e6533-8a8f-11e7-89d1-1cc1de329608,17,HP WARRANTY,,PO Box 3715 Montgomery AL 36109-0715,811212
null,SRCSGT,National Guard Bureau,W912JA-17-R-0017,78,Link To Document,,"Monique E Brinson, Phone 3342717369, Email monique.e.brinson.mil@mail.mil",Department of the Army,090117,USPFO for Alabama,https://www.fbo.gov/spg/USA/NGB/DAHA01/W912JA-17-R-0017/listing.html,N/A,US,36109,36109-0715,0825,b56e6535-8a8f-11e7-89d1-1cc1de329608,17,Gym Equipment,,PO Box 3715 Montgomery AL 36109-0715,339920
null,SRCSGT,Long Beach VANLO,VA26217N1803,71,Carlos.Magana@va.gov,09292017,Carlos MaganaCarlos.Magana@va.govCarlos.Magana@va.gov,Department of Veterans Affairs,083017,Department of Veterans Affairs,https://www.fbo.gov/spg/VA/LBVANBC/VAMD/VA26217N1803/listing.html,N/A,USA,90073,90815,0825,b56e6530-8a8f-11e7-89d1-1cc1de329608,17,71--Board Room Desk    ,Carlos.Magana@va.gov,Department of Veterans Affairs;Network Contracting Office 22;4811 Airport Plaza Drive;Suite 600;Long Beach CA  90815,337214
null,SRCSGT,Public Buildings Service (PBS),6VA0456,X,Link To Document,,"Michael Heater, Realty Specialist , Phone (267) 254-2378, Email michael.heater@gsa.gov - Joe Beck , Lease Contract Officer, Phone (215) 446-4536  , Email joe.beck@gsa.gov",General Services Administration,090817,R3 Real Estate Acquisition Division (47PD99),https://www.fbo.gov/spg/GSA/PBS/3PPRW/6VA0456/listing.html,N/A,US,,19106-1521,0825,b56e6557-8a8f-11e7-89d1-1cc1de329608,17,"U.S. GOVERNMENT seeks to lease 900 ABOA SF of office space in Chesapeake, VA ",,"The Dow Buildingr100 S Independence Mall West, 2nd Fl Philadelphia PA 19106-1521",531120
null,SRCSGT,Army Contracting Command,W911KF-17-S-0003,J,Link To Document,,"T. Morey Gaddy, Phone 256-741-5227, Email troy.m.gaddy2.civ@mail.mil",Department of the Army,090117,ACC - WRN (W911KF)(ANAD),https://www.fbo.gov/notices/683803b713716248bb519615b07a8fe8,N/A,US,36201-4199,36201-4199,0825,b56e6501-8a8f-11e7-89d1-1cc1de329608,17,OKUMA PREVENTIVE MAINTENANCE AND EMERGENCY REPAIRS,,7 FRANKFORD AVE Anniston AL 36201-4199,811310
null,SRCSGT,National Oceanic and Atmospheric Administration (NOAA),NWWG3100-17-00914,66,Link To Document,,"James D. Moore, Contract Specialist, Phone 8164267172, Fax  7576643617, Email james.d.moore@noaa.gov - Steven M. Prado, Contracting Officer, Phone 816-426-7454, Fax 816-274-6815, Email Steven.M.Prado@noaa.gov",Department of Commerce,083017,Eastern Acquisition Division - Kansas City,https://www.fbo.gov/spg/DOC/NOAA/CASC/NWWG3100-17-00914/listing.html,N/A,US,20910,64106,0825,b56e6546-8a8f-11e7-89d1-1cc1de329608,17,Automated Weather Systems for U.S. Voluntary Observing Ship Program,,"601 East 12th Street, Room 1756 Kansas City MO 64106",334516
null,SRCSGT,Naval Supply Systems Command,N0038317RD377,J,Link To Document,09082017,Contact:Kevin Vong - Contract SpecialistEmail: kevin.vong@navy.milPhone: 215-697-2782,Department of the Navy,090117,NAVSUP Weapon Systems Support Philadelphia PA,https://www.fbo.gov/spg/DON/NAVSUP/N00383/N0038317RD377/listing.html,,,,19111,0825,b56e6550-8a8f-11e7-89d1-1cc1de329608,17,"J--Repair of NSN:2925-01-541-5012, P/N: 311300012 for the KC-130 Aircraft.",,"N00383 NAVSUP Weapon Systems Support Philadelphia PA NAVSUP  700 Robins Avenue  Philadelphia, PA",336320
null,SRCSGT,Centers for Medicare  Medicaid Services,180470,D,Link To Document,,"Kellie Palmer, Email Kellie.Palmer@cms.hhs.gov - Benjamin M. Simcock, Contracting Officer, Phone 4107861950, Email benjamin.simcock@cms.hhs.gov",Department of Health and Human Services,092817,Office of Acquisition and Grants Management,https://www.fbo.gov/spg/HHS/HCFA/AGG/180470/listing.html,,,,21244-1850,0825,b56e6509-8a8f-11e7-89d1-1cc1de329608,17,End-User Centric IT Support (ECIS),,7500 Security Blvd.C2-21-15 Baltimore MD 21244-1850,541512
null,SRCSGT,Naval Sea Systems Command,N55236-17-R-0018,J,Link To Document,,"Ricardo Barraza-Cobos, Contract Specialist, Phone 619-556-1942, Email ricardo.barraza-cobo@navy.mil - Shayna Lynn Connery, Contract Specialist, Phone 619-556-5989, Email shayna.connery@navy.mil",Department of the Navy,091117,South West Regional Maintenance Center,https://www.fbo.gov/spg/DON/NAVSEA/N55236/N55236-17-R-0018/listing.html,Total Small Business,US,92136,92136,0825,b56e654b-8a8f-11e7-89d1-1cc1de329608,17,"Commercial Industrial Services, Upholstery Services on surface ships, submarines, aircraft carriers, small boats and crafts",,3755 Brinser Street San Diego CA 92136,811420
null,SRCSGT,NASA Shared Services Center,NNX17ZXD055L,D,Link To Document,,"Christine E. Faulkner, Contract Specialist, Phone 2288136326, Email christine.faulkner@nasa.gov - Megan A Bang, Procuerment Specialist Service Provider, Phone 2288136792, Email megan.a.bang@nasa.gov",National Aeronautics and Space Administration,083017,Agency Contracting,https://www.fbo.gov/spg/NASA/NSSC/NSSC1/NNX17ZXD055L/listing.html,,,,39529,0825,b56e6532-8a8f-11e7-89d1-1cc1de329608,17,PowerMapper Brand Name or Equal RFI for Potential Sources/Products,,"NASA Shared Services Center (NSSC), Building 1111, Jerry Hlass Road Stennis Space Center MS 39529",541519
null,SRCSGT,DLA Acquisition Locations,SP4701-17-R-0051,R,Link To Document,,"Donald Hinkson, Contracting Officer, Phone 2157374337, Email donald.hinkson@dla.mil - Robert Tomczak, Supervisory Contracting Officer, Phone 215-737-2257, Fax 215-737-7942, Email Robert.Tomczak@dla.mil",Defense Logistics Agency,082917,DLA Contracting Services Office - Philadelphia,https://www.fbo.gov/spg/DLA/J3/DSCP-PB/SP4701-17-R-0051/listing.html,N/A,US,,19111-5096,0825,b56e6517-8a8f-11e7-89d1-1cc1de329608,17,Defense Medical Logistics Enterprise System Product Data Subscription ,,700 Robbins Avenue Philadelphia PA 19111-5096,518210
null,SRCSGT,Naval Supply Systems Command,N0038316RH068,J,Link To Document,08312017,Oleg Maksimchuk,Department of the Navy,083117,NAVSUP Weapon Systems Support Philadelphia PA,https://www.fbo.gov/spg/DON/NAVSUP/N00383/N0038316RH068/listing.html,,,,19111,0825,b56e6551-8a8f-11e7-89d1-1cc1de329608,17,J--Repair of Structural Support in support of F/A-18,,"N00383 NAVSUP Weapon Systems Support Philadelphia PA NAVSUP  700 Robins Avenue  Philadelphia, PA",336413
null,SRCSGT,National Oceanic and Atmospheric Administration (NOAA),NCNS4000-17-01216,66,Link To Document,,"James D. Moore, Contract Specialist, Phone 8164267172, Fax 7576643617, Email james.d.moore@noaa.gov - Steven M. Prado, Contracting Officer, Phone 816-426-7454, Fax 816-274-6815, Email Steven.M.Prado@noaa.gov",Department of Commerce,083017,Eastern Acquisition Division - Kansas City,https://www.fbo.gov/spg/DOC/NOAA/CASC/NCNS4000-17-01216/listing.html,N/A,US,29412,64106,0825,b56e6545-8a8f-11e7-89d1-1cc1de329608,17,Preventative Maintenance Agreement for PerkinElmer Equipment,,"601 East 12th Street, Room 1756 Kansas City MO 64106",334516
null,SRCSGT,DLA Acquisition Locations,SPE4A5-17-Q-1870,16,Link To Document,09292017,"Christy L. Oakley, Acquisition Specialist, Phone 8042795388, Email christy.oakley@dla.mil - Manuel N. Alvarez, Contracting Officer/Procurement Team Lead, Phone (804) 279-5856, Fax (804) 279-4722, Email Manuel.Alvarez@dla.mil",Defense Logistics Agency,083017,DLA Aviation - BSM,https://www.fbo.gov/spg/DLA/J3/DSCR-BSM/SPE4A5-17-Q-1870/listing.html,N/A,US,23297-5100,23297-5000,0825,b56e6516-8a8f-11e7-89d1-1cc1de329608,17,"Tube Assy, Rotor Bra, NSN; 1615-00-438-6666, PR 69372715",,8000 Jefferson Davis Highway Richmond VA 23297-5000,336413
null,SRCSGT,DLA Acquisition Locations,SPE4A617R0872,61,Link To Document,,"Adrienne M. Robinson, Acquisition Specialist, Phone 8042796279, Email adrienne.robinson@dla.mil - Teresa M. Swain, Supervisor, Phone 8042793901, Email teresa.swain@dla.mil",Defense Logistics Agency,083117,DLA Aviation - BSM,https://www.fbo.gov/spg/DLA/J3/DSCR-BSM/SPE4A617R0872/listing.html,,,,23297-5000,0825,b56e6511-8a8f-11e7-89d1-1cc1de329608,17,"WIRING HARNESS, BRAN",,8000 Jefferson Davis Highway Richmond VA 23297-5000,334419
null,SRCSGT,Long Beach VANLO,VA26217N1859,65,marie.irvin@va.gov,09182017,Marie Irvinmarie.irvin@va.govmarie.irvin@va.gov,Department of Veterans Affairs,082917,Department of Veterans Affairs,https://www.fbo.gov/spg/VA/LBVANBC/VAMD/VA26217N1859/listing.html,N/A,,,90815,0825,b56e652c-8a8f-11e7-89d1-1cc1de329608,17,65--Catheters    ,marie.irvin@va.gov,Department of Veterans Affairs;Network Contracting Office 22;4811 Airport Plaza Drive;Suite 600;Long Beach CA  90815,339113
null,SRCSGT,DLA Acquisition Locations,SPE4A617R0874,61,Link To Document,,"Adrienne M. Robinson, Acquisition Specialist, Phone 8042796279, Email adrienne.robinson@dla.mil - Teresa M. Swain, Supervisor, Phone 8042793901, Email teresa.swain@dla.mil",Defense Logistics Agency,083117,DLA Aviation - BSM,https://www.fbo.gov/spg/DLA/J3/DSCR-BSM/SPE4A617R0874/listing.html,,,,23297-5000,0825,b56e6513-8a8f-11e7-89d1-1cc1de329608,17,"CABLE ASSEMBLY,SPEC",,8000 Jefferson Davis Highway Richmond VA 23297-5000,334419
null,SRCSGT,National Institutes of Health,HHS-NIH-NIDA-SSSA-SS-17-614,99,Link To Document,,"Danielle R. Brown, Contract Specialist, Phone 301 480 2385, Email danielle.brown2@nih.gov",Department of Health and Human Services,082817,National Institute on Drug Abuse,https://www.fbo.gov/spg/HHS/NIH/NIDA-01/HHS-NIH-NIDA-SSSA-SS-17-614/listing.html,N/A,US,21224,20892-9559,0825,b56e6538-8a8f-11e7-89d1-1cc1de329608,17,RNA Sequencing Support Services for Cellular Senescence,,"6001 Executive BoulevardrRoom 4211, MSC 9559 Bethesda MD 20892-9559",541380
null,SRCSGT,Army Contracting Command,PANROC17P0000056539,D,Link To Document,,"Angela Quinn, Contracting Officer, Phone 309-782-2477, Email angela.g.quinn.civ@mail.mil",Department of the Army,090517,ACC - RI (W52P1J),https://www.fbo.gov/notices/d0c1b51abd933853102eeb5933bcc53c,,,,61299-8000,0825,b56e64fa-8a8f-11e7-89d1-1cc1de329608,17,Satellite Communications Support,,3055 Rodman Avenue Rock Island IL 61299-8000,334220
null,SRCSGT,Naval Supply Systems Command,N0060417Q4079,69,Link To Document,09142017,Frederick Ray808-473-7614Frederick.ray@navy.mil,Department of the Navy,083017,NAVSUP Fleet Logistics Center Pearl,https://www.fbo.gov/spg/DON/NAVSUP/N00604/N0060417Q4079/listing.html,N/A,US,96860,96860,0825,b56e654c-8a8f-11e7-89d1-1cc1de329608,17,69--Training Aids - H-60 CRASH SITE WATER RESCUE PACKAGE ,,"N00604 NAVSUP Fleet Logistics Center Pearl 1942 Gaffney Street, Ste 100 Bldg. 475-2, Code 200 Pearl Harbor, HI",332999
null,SRCSGT,National Institutes of Health,HHS-NIH-NIDA-SSSA-SS-17-612,66,Link To Document,,"Danielle R. Brown, Contract Specialist, Phone 301 480 2385, Email danielle.brown2@nih.gov",Department of Health and Human Services,083017,National Institute on Drug Abuse,https://www.fbo.gov/spg/HHS/NIH/NIDA-01/HHS-NIH-NIDA-SSSA-SS-17-612/listing.html,N/A,US,21224,20892-9559,0825,b56e6536-8a8f-11e7-89d1-1cc1de329608,17,Assay Kit for Abeta42,,"6001 Executive BoulevardrRoom 4211, MSC 9559 Bethesda MD 20892-9559",334516
null,SRCSGT,VA Heartland Network,VA25517Q0962,J,CHRISTOPHER.LANKFORD@VA.GOV,12062017,Christopher LankfordContract Specialist913-946-1957CHRISTOPHER.LANKFORD@VA.GOV,Department of Veterans Affairs,082917,Department of Veterans Affairs Heartland Network,https://www.fbo.gov/spg/VA/LeVAMC/VAMCKS/VA25517Q0962/listing.html,,,,66048,0825,b56e6565-8a8f-11e7-89d1-1cc1de329608,17,J--Generator Load Banking - STL    ,CHRISTOPHER.LANKFORD@VA.GOV,Department of Veterans Affairs;Network Contracting Office (NCO) 15;3450 S 4th Street Trafficway;Leavenworth KS  66048,811310
null,SRCSGT,DLA Acquisition Locations,CM17236002_MARKET_RESEARCH_PROJECT,48,Link To Document,,"maureen n haag, Phone 6146928218, Email maureen.haag@dla.mil",Defense Logistics Agency,090117,DLA Land and Maritime,https://www.fbo.gov/spg/DLA/J3/DSCC/CM17236002_MARKET_RESEARCH_PROJECT/listing.html,,,,43218-3990,0825,b56e6520-8a8f-11e7-89d1-1cc1de329608,17,CM17236002 MARKET RESEARCH PROJECT ,,P O Box 3990 Columbus OH 43218-3990,332911
null,SRCSGT,Naval Supply Systems Command,N0038317U2842,16,Link To Document,,See below,Department of the Navy,,NAVSUP Weapon Systems Support Philadelphia PA,https://www.fbo.gov/spg/DON/NAVSUP/N00383/N0038317U2842/listing.html,,,,19111,0825,b56e654f-8a8f-11e7-89d1-1cc1de329608,17,16--See below,,"N00383 NAVSUP Weapon Systems Support Philadelphia PA NAVSUP  700 Robins Avenue  Philadelphia, PA",336413
null,SRCSGT,VA Northern California Health Care System,VA26117Q1032,65,Larry.Facio@va.gov,10012017,Larry Faciolarry.facio@va.govLarry.Facio@va.gov,Department of Veterans Affairs,090117,Department of Veterans Affairs No. California Health Care System System,https://www.fbo.gov/spg/VA/VANCHCS/VANCHCS/VA26117Q1032/listing.html,,,,95652-2609,0825,b56e6567-8a8f-11e7-89d1-1cc1de329608,17,65--SERVICE  MAINT CONTRACT FOR TWO OEC SURGICAL C-ARM    ,Larry.Facio@va.gov,"Department of Veterans Affairs;VA Sierra Pacific Network (VISN 21);VA Northern California HealthCare System;5342 Dudley Blvd, Bldg 209;McClellan CA  95652-2609",811219
null,SRCSGT,VA Service Area Organization East,VA24017Q0219,65,Millicent.Covert@va.gov,10302017,Millicent  A CovertContract Specialist(412) 822-3488Millicent.Covert@va.gov,Department of Veterans Affairs,083117,VA Service Area Organization East,https://www.fbo.gov/notices/e0b1a423c2793e1632912bed11671841,N/A,,,15212-5319,0825,b56e6569-8a8f-11e7-89d1-1cc1de329608,17,65--Research tCS System    ,Millicent.Covert@va.gov,"US Department of Veterans Affairs;Veterans Health Administration;Service Area Office (SAO) East;323 North Shore Drive, Suite 500;Pittsburgh PA  15212-5319",339112
null,SRCSGT,Hampton VAMC,VA24617N1890,S,shamike.bethea@va.gov,09082017,Shamike Betheashamike.bethea@va.govshamike.bethea@va.gov,Department of Veterans Affairs,082917,Department of Veterans Affairs Medical Center,https://www.fbo.gov/spg/VA/HaVAMC/VAMCCO80220/VA24617N1890/listing.html,N/A,USA,23249,23667,0825,b56e6529-8a8f-11e7-89d1-1cc1de329608,17,S--Linen Mat Service    ,shamike.bethea@va.gov,Department of Veterans Affairs;Network Contracting Office 6;100 Emancipation Drive;Hampton VA  23667,812320
null,SRCSGT,VA National Cemetery Administration Centralized Contracting Division,VA78617N0750,S,POC Email,10012017,Carlina Smithcarlina.smith@va.govPOC Email,Department of Veterans Affairs,090117,Department of Veterans Affairs National Cemetery Administration,https://www.fbo.gov/spg/VA/VANCA/VANCA/VA78617N0750/listing.html,N/A,USA,66048,22556,0825,b56e6566-8a8f-11e7-89d1-1cc1de329608,17,S--Uniform rental and laundry for 20 field employees at Ft. Leavenworth National Cemetery with base year and four (4) year options.  ,carlina.smith@va.gov,Department of Veterans Affairs;NCA Contracting Service;75 Barrett Heights Rd. Suite 309;Stafford VA  22556,812332
null,SRCSGT,Air Force Materiel Command,FA8509-17-R-TALON,R,Link To Document,09262017,"Maria A. George, Phone 478-926-7271, Fax 478-926-3360, Email maria.george.1@us.af.mil - Jarteau Hodges, Contracting Officer, Phone 4782220441, Email jarteau.hodges.1@us.af.mil",Department of the Air Force,092517,PK/PZ - Robins AFB,https://www.fbo.gov/spg/USAF/AFMC/WRALC/FA8509-17-R-TALON/listing.html,,,,31098-1611,0825,b56e64ee-8a8f-11e7-89d1-1cc1de329608,17,MC-130J Integration of the Talon III Capability,,215 Page Rd Robins AFB GA 31098-1611,541330
null,SRCSGT,OFFICE OF THE INSPECTOR GENERAL,OIG-SS-0001,R,Link To Document,,"James Chestnut, Email james.chestnut@oig.hhs.gov",Department of Health and Human Services,093017,OFFICE OF INSPECTOR GENERAL,https://www.fbo.gov/notices/be1f46da8e79c8483709315fb35d24f5,,,,20201,0825,b56e6553-8a8f-11e7-89d1-1cc1de329608,17,Beneficiary Fraud Marketing Campaign,,"330 INDEPENDENCE AVE SW,r5TH FLOOR WASHINGTON DC 20201",541613
null,SRCSGT,DLA Acquisition Locations,SPE4A617R0871,53,Link To Document,,"Michael W. Walsh, Acquisition Specialist, Phone 8042794735, Email michael.walsh@dla.mil - Zachary H. Sharper, Contract Specialist, Phone 8042793126, Fax 804-279-5155, Email zachary.sharper@dla.mil",Defense Logistics Agency,082817,DLA Aviation - BSM,https://www.fbo.gov/spg/DLA/J3/DSCR-BSM/SPE4A617R0871/listing.html,N/A,US,23297,23297-5000,0825,b56e6510-8a8f-11e7-89d1-1cc1de329608,17,"COVER, SPECIAL; END ITEM: 23N, SHIP, OHIO CLASS SSN (TRIDENT)",,8000 Jefferson Davis Highway Richmond VA 23297-5000,332994
